2862.07067,0.037135216,1750,3
3461.02208,0.010080046,1750,1
2102.157105,0.017684217,1797,0
3648.13863,0.027382381,1730,3
1000.057725,0.012607241,1797,2
1324.10845,0.002650274,1730,0
443.0143447,0.013916845,1750,2
2775.684904,0.042520441,1772,3
3748.58368,0.018660463,1797,2
790.9714764,0.002176225,1797,0
3389.374846,0.010811294,1772,1
2817.022869,0.01507388,1730,2
3539.17912,0.083706364,1772,2
3306.932479,0.051205021,1797,3
3450.753645,0.055920054,1750,3
3420.645785,0.064895073,1797,3
3379.380697,0.011275314,1750,1
533.5310106,0.009675104,1772,1
3444.549188,0.183747384,1797,3
3455.197604,0.007507681,1750,1
3730.565851,0.029334814,1750,3
3366.864919,0.063336193,1730,3
960.5626645,0.0125008,1772,2
1328.091403,0.002797027,1750,0
97.29870141,0.003872965,1750,0
3042.945392,0.024264043,1750,3
3356.378953,0.009277032,1750,1
626.0712526,0.002750156,1750,0
2833.912315,0.020899935,1730,2
3293.303682,0.025495823,1750,3
3227.845602,0.009435789,1750,1
184.5741812,0.005214432,1772,0
2752.06247,0.041364705,1772,3
2489.875282,0.015931042,1730,2
678.3995651,0.002311628,1730,0
74.82229091,0.002347455,1797,0
2203.834709,0.013053435,1772,2
60.01524978,0.002609994,1797,0
3229.256239,0.028921729,1750,3
246.2101026,0.002653558,1797,0
1401.847121,0.012510052,1750,2
1021.995081,0.002870882,1750,0
3660.030752,0.023901339,1730,2
2799.61818,0.007426709,1797,1
142.1193917,0.002849094,1772,0
164.5992014,0.010369298,1797,0
89.97368184,0.011360711,1797,0
2576.426983,0.027262403,1750,3
3279.377406,0.008905658,1730,1
3082.482479,0.027031262,1772,3
125.9960046,0.002941905,1750,0
3806.248772,0.029804924,1750,2
3365.422834,0.027025178,1797,2
3356.082793,0.028069448,1750,1
3578.947368,0.046148786,1750,3
3711.383606,0.039149177,1730,3
2799.911888,0.007620354,1797,1
2763.334586,0.029032587,1772,3
3527.522824,0.048715091,1730,3
3610.102385,0.014064722,1772,2
2833.110946,0.051813621,1750,3
3413.490598,0.072407317,1772,3
2130.379723,0.002657831,1730,0
3280.612869,0.028437987,1730,3
3533.213469,0.013509602,1730,2
1095.219496,0.013004813,1772,0
3441.368676,0.044014112,1730,3
2839.634297,0.00762897,1772,1
3526.054287,0.01341986,1797,1
2883.360248,0.018769959,1772,2
3014.287939,0.060558727,1797,3
3456.845177,0.066390191,1797,3
161.1557035,0.007598772,1797,0
3377.810724,0.012797396,1772,1
2792.079693,0.102721008,1730,3
3232.738576,0.010899884,1797,1
1267.977578,0.01857146,1730,2
65.4924644,0.001966404,1772,0
2728.144304,0.031216254,1750,3
3245.586113,0.015178956,1797,2
3001.500111,0.020925738,1772,2
270.002041,0.002276474,1750,0
236.4205805,0.002418164,1730,0
2872.555498,0.052265301,1730,3
1577.552332,0.018189481,1730,2
2901.066472,0.068174012,1772,2
112.1381765,0.002614097,1772,0
141.9213079,0.001821637,1797,0
3334.222881,0.046685119,1750,3
256.1387686,0.004357683,1730,0
3718.707015,0.018110264,1750,2
3490.666143,0.011317071,1750,2
3365.951677,0.036024508,1772,3
2844.37021,0.018153938,1750,2
120.0091535,0.002594964,1750,0
149.9804713,0.002514748,1772,0
97.35835488,0.004885398,1772,0
2686.9719,0.011813239,1750,2
3274.04653,0.00771942,1730,1
3463.690432,0.006826877,1797,1
3474.453033,0.050937697,1797,3
3305.242028,0.008352949,1730,1
2880.336453,0.074309001,1797,2
3412.976968,0.041757007,1730,3
3425.350824,0.026842829,1772,3
2705.148359,0.01536933,1750,2
1036.687443,0.020367351,1730,0
2996.095873,0.028561795,1750,3
1036.492167,0.023194697,1750,0
2792.275497,0.11175685,1730,3
154.8050729,0.01530686,1730,0
3408.503077,0.012255506,1750,1
2556.624324,0.009326331,1797,1
3619.159508,0.033575837,1730,3
3266.543815,0.006755889,1730,1
688.3552378,0.002214139,1797,0
801.056006,0.001995997,1797,0
3450.951322,0.024353216,1750,3
2880.13854,0.026632692,1797,2
172.4476622,0.003397011,1730,0
2922.294149,0.01559521,1797,2
157.1218916,0.003779117,1797,0
2506.959981,0.0876784,1730,2
2918.280857,0.037900588,1797,3
354.8397096,0.006005455,1772,0
3336.639588,0.091933644,1797,3
1065.177507,0.021288456,1730,0
2477.983692,0.009266495,1772,1
2894.377454,0.043657697,1797,3
2584.722324,0.00702753,1797,1
3456.25497,0.040089376,1797,3
133.7393287,0.002979045,1750,0
3619.453215,0.066125754,1730,3
315.886361,0.002969183,1730,0
3544.057326,0.038734328,1750,3
3446.655408,0.007340613,1797,1
3255.487183,0.007419602,1730,1
3309.787796,0.02636865,1730,3
1021.144717,0.00431178,1797,0
2987.492963,0.027102829,1730,3
2796.717932,0.011013751,1797,2
3336.344484,0.034941259,1797,3
2809.982703,0.008600628,1772,1
157.3983101,0.014451949,1750,2
3293.481219,0.012271428,1797,2
3251.143506,0.010238488,1750,1
3425.976505,0.006983398,1750,1
3858.382995,0.017397186,1772,2
2682.492971,0.043199211,1772,2
2422.113107,0.014030707,1772,2
616.6505025,0.003759506,1730,0
644.6875688,0.009868857,1797,1
3689.123555,0.020961432,1730,2
3320.148738,0.006763546,1730,1
3573.53697,0.030947233,1730,3
3189.028474,0.029017661,1772,3
3538.977409,0.034619091,1730,3
2878.278324,0.007024137,1750,1
90.01674069,0.024979913,1730,0
1006.862946,0.007796758,1772,0
127.1634596,0.003034337,1797,0
3492.041658,0.017288119,1750,2
1036.66534,0.002135529,1750,0
3254.598703,0.007854267,1730,1
3437.329297,0.006626727,1730,1
150.876261,0.004374829,1730,0
2914.455152,0.025578572,1750,3
627.5626049,0.008981021,1750,1
135.1115943,0.004506193,1730,0
3596.446141,0.038817385,1730,3
3412.291651,0.056872148,1730,3
3299.135162,0.077980332,1750,3
630.7462446,0.003952866,1772,0
2646.394184,0.028361133,1750,2
2101.978506,0.028262344,1750,0
3281.53144,0.041512019,1730,2
3516.16614,0.088342408,1730,3
3338.081602,0.00923729,1797,1
3353.101063,0.007027741,1772,1
2688.694716,0.096521721,1730,3
2102.087336,0.002164823,1730,0
137.2589135,0.001967041,1772,0
3226.759683,0.007032552,1730,1
3386.685972,0.006007678,1730,1
137.1038401,0.00374335,1750,0
2839.43662,0.008668924,1772,1
2616.814415,0.076113454,1797,2
3660.226006,0.015910404,1730,2
3188.040524,0.007991381,1772,1
3257.066702,0.00745399,1750,1
2914.454469,0.014190127,1730,2
2959.919708,0.009251347,1750,1
2763.824678,0.063766047,1772,3
161.6369288,0.009620238,1797,1
56.98012738,0.002321456,1730,0
3320.212147,0.012120213,1772,2
3354.483525,0.029958191,1772,3
213.4394703,0.004503841,1772,0
1394.013847,0.014852392,1730,2
286.1361123,0.00672165,1730,0
134.3703091,0.002056811,1730,0
1008.19738,0.007591856,1730,0
3200.593032,0.00733432,1772,1
1646.740609,0.019994528,1797,2
112.20884,0.006880738,1797,0
3397.037486,0.042174852,1797,3
1084.243839,0.014287001,1730,2
3313.031289,0.06156012,1797,3
101.4819528,0.002306791,1730,0
3478.13195,0.02117045,1772,1
250.0914439,0.002018763,1772,0
3613.936249,0.045220288,1750,3
2862.32631,0.020282412,1797,2
132.8944024,0.002845041,1772,0
3304.353549,0.010988208,1730,1
662.2397503,0.001790233,1750,0
2882.376569,0.037822035,1797,3
3522.279262,0.015595636,1730,2
95.96964681,0.002676114,1772,0
933.2982329,0.009355846,1730,1
3286.193308,0.049201406,1730,3
112.3072256,0.00236896,1797,0
3602.176008,0.045988679,1772,3
3688.733048,0.05438569,1730,2
2599.765556,0.013479312,1772,2
3298.616139,0.017002731,1730,2
2891.129232,0.03486478,1750,3
2884.205889,0.046713955,1730,3
2907.017157,0.034411697,1730,3
3324.933807,0.050361896,1797,3
64.6678885,0.002104843,1750,0
3254.993583,0.006473809,1730,1
2718.443079,0.017500646,1797,2
2688.890521,0.064367158,1730,3
118.6353463,0.004360873,1772,0
3281.73956,0.047168037,1750,3
3225.871203,0.008904013,1730,1
3670.803612,0.021193225,1797,2
140.6914872,0.003918494,1797,0
3019.257221,0.019598609,1750,2
2858.31441,0.073025867,1772,3
3338.081602,0.044411149,1730,3
2547.750049,0.012228672,1750,2
3432.646671,0.053395428,1797,3
1022.442331,0.011559442,1730,1
3176.753783,0.011908915,1750,2
3366.245732,0.039028826,1772,3
3429.799852,0.007573265,1772,1
3746.235264,0.042661716,1730,2
3448.973257,0.038594359,1772,3
167.6565724,0.002260578,1750,0
149.9928875,0.002776917,1750,0
3698.338402,0.014702657,1772,2
2101.88966,0.030371077,1730,0
2800.107693,0.012228213,1797,1
3318.705214,0.01553843,1772,1
134.2831105,0.003699314,1772,0
166.1220279,0.003846665,1730,0
632.2916216,0.002110022,1730,0
2798.862211,0.058858018,1797,3
261.7058433,0.002270552,1797,0
3688.714798,0.028550327,1797,2
3315.311461,0.020065879,1750,1
1130.772254,0.053761735,1750,2
3460.735465,0.044495455,1772,3
3540.261167,0.045972406,1797,3
755.5059858,0.002471298,1750,0
2174.101002,0.015218915,1750,2
2715.492958,0.007623684,1772,1
3234.988881,0.010875125,1772,1
3419.371702,0.026591895,1772,3
115.4428253,0.002192243,1730,0
2861.858911,0.100014113,1750,2
279.6262887,0.003273604,1772,0
3310.233735,0.015343527,1730,2
142.0688864,0.002557887,1797,0
82.29960072,0.00315025,1797,0
3382.342295,0.006786751,1730,1
725.2775866,0.002069896,1772,0
2842.340828,0.014658717,1772,2
676.7368362,0.001813659,1750,0
2443.713186,0.009875146,1750,1
3438.711376,0.015703528,1730,1
3533.994484,0.034834975,1730,2
3543.364971,0.031621688,1772,3
3275.809241,0.050408205,1750,3
3370.595503,0.014153766,1772,1
2843.331469,0.00858448,1750,1
3366.669114,0.047560332,1730,3
3671.453094,0.020641328,1730,2
3425.056769,0.031310121,1772,3
3568.689493,0.027520847,1772,2
3660.171652,0.050148708,1797,3
3367.731745,0.013674791,1750,1
2842.144093,0.045882896,1772,2
2522.940217,0.021853599,1772,2
3385.134969,0.039003559,1797,3
497.4024129,0.003165054,1730,0
359.9703484,0.015817265,1772,1
2821.942179,0.008331536,1772,1
360.0315904,0.013868344,1750,1
979.7073159,0.002504352,1730,0
120.0140844,0.003566251,1730,0
290.7581077,0.003750515,1750,0
1294.580587,0.008196556,1730,0
3355.214529,0.043927259,1730,3
526.473395,0.008181519,1750,1
3381.157656,0.029217586,1730,1
2999.851742,0.010380021,1772,1
3417.840376,0.011816288,1772,1
238.5850057,0.003960207,1772,0
3300.815419,0.008738674,1772,1
3445.578481,0.007520506,1797,1
3537.287831,0.03073479,1772,3
170.7489543,0.002540438,1750,0
3432.351567,0.039402085,1797,3
1072.509334,0.030496645,1750,2
3392.340005,0.026306814,1750,3
3484.221264,0.008815752,1750,1
90.00068032,0.032981357,1750,0
3619.808489,0.021706003,1730,2
0.049596717,0.001732215,1772,0
3587.679875,0.012559338,1797,2
3556.885344,0.027120254,1772,2
2727.74895,0.035809881,1750,3
568.6173728,0.008752385,1797,1
3307.611307,0.007551398,1750,1
155.7934532,0.006947703,1730,0
3283.326204,0.009882875,1730,1
3477.934272,0.023590731,1772,1
138.182653,0.002137169,1797,0
3319.00173,0.006934647,1772,1
3424.627359,0.010470734,1797,1
3013.992836,0.070053506,1797,3
30.00847313,0.002148513,1750,0
2704.264099,0.017793919,1750,2
3201.018185,0.007623183,1797,1
3248.133566,0.02689236,1772,3
3826.540114,0.02773181,1772,3
3384.741497,0.035023343,1797,3
3254.302544,0.005875973,1730,1
3310.896961,0.050216192,1750,3
143.7105034,0.002542131,1730,0
180.0013606,0.012273249,1750,0
40.43650436,0.008237954,1797,0
3322.419296,0.006621007,1730,1
111.1186612,0.002031856,1730,0
3415.567087,0.028539038,1750,3
3552.950628,0.042253984,1797,3
2832.874828,0.018624247,1750,2
3436.07475,0.030074324,1730,2
1808.43607,0.015739519,1797,2
3462.614282,0.065835643,1750,3
716.121411,0.001885338,1750,0
174.8780231,0.002715832,1772,0
3427.427724,0.03230035,1750,3
3296.766772,0.006819145,1797,1
2704.657104,0.039274428,1750,2
3495.924068,0.055549682,1772,3
123.9173967,0.00376852,1772,0
3438.316496,0.020967481,1730,1
3730.672494,0.024699954,1797,2
3431.504821,0.013387326,1750,1
3435.592432,0.049890828,1730,3
3657.515718,0.020857598,1772,2
136.3661726,0.00177888,1772,0
3555.225197,0.037297971,1772,3
3457.238649,0.03787899,1797,3
3596.441809,0.037904431,1750,3
179.9965565,0.002889654,1797,0
175.864359,0.001972426,1797,0
3551.966948,0.064049574,1797,3
376.152853,0.003622355,1730,0
88.3565508,0.006093936,1772,0
2860.903616,0.010593526,1750,1
1624.841177,0.030211509,1772,2
3291.914838,0.010499147,1750,1
3415.816139,0.007138439,1797,1
171.9781256,0.002042135,1797,0
3295.084378,0.125972016,1772,3
3303.56379,0.016460838,1750,1
248.9483015,0.002410697,1730,0
141.797013,0.001833771,1772,0
1065.436861,0.00304583,1750,0
782.3030498,0.00357861,1730,0
687.0762243,0.002231313,1797,0
1066.008576,0.027165919,1797,0
986.7285292,0.018247211,1772,2
1022.242472,0.002941274,1750,0
2790.911185,0.007295854,1750,1
3359.82209,0.008636743,1772,1
140.2843132,0.001801732,1772,0
2580.242851,0.007971154,1730,1
2101.908854,0.001784485,1772,0
3380.775883,0.067872797,1750,3
3248.305064,0.007452271,1797,1
455.1024616,0.021352549,1797,2
3350.115992,0.022147796,1772,2
3365.004773,0.008854693,1797,1
1107.570306,0.011960957,1797,1
3406.319603,0.010157474,1797,1
2906.279971,0.124010207,1797,3
2583.731587,0.061021354,1797,3
3200.395355,0.007334387,1772,1
272.236378,0.002354948,1772,0
3303.859949,0.008330431,1730,1
263.4461915,0.002833742,1750,0
2872.453848,0.007124541,1750,1
1229.809393,0.031447247,1750,2
3418.927601,0.009544021,1772,1
1246.714922,0.050971345,1772,2
3396.952845,0.010763573,1750,1
1038.441818,0.003591763,1730,0
3538.785648,0.018720964,1772,2
2581.42749,0.005903717,1730,1
2906.083236,0.06616383,1797,3
1036.323395,0.028266074,1772,0
709.6546209,0.002294311,1772,0
3436.270003,0.062282085,1730,2
3464.972298,0.021346257,1730,2
600.3144036,0.04924424,1750,2
266.8055375,0.002604747,1772,0
780.5425969,0.002190733,1797,0
89.77691053,0.003126162,1797,0
753.6341201,0.002485653,1797,0
3101.900796,0.011954485,1797,2
3484.357898,0.031592902,1772,3
112.4548041,0.002773904,1797,0
3900.973828,0.016326839,1730,2
3409.983876,0.007868943,1730,1
2598.903228,0.026725298,1797,2
2551.026743,0.044121374,1772,3
2897.076889,0.013505221,1730,2
3410.477475,0.011078085,1730,1
241.7827481,0.002689531,1797,0
38.81863838,0.009597467,1730,0
679.6734056,0.00209359,1772,0
316.1334561,0.003420331,1730,0
3326.861693,0.016036325,1750,1
360.0315904,0.012875698,1730,1
3338.375309,0.007200808,1797,1
3000.59232,0.010039423,1750,1
3443.958981,0.043292478,1797,3
3271.756,0.027419099,1772,3
2016.702692,0.021119217,1750,2
2736.651136,0.011859891,1797,2
2799.058947,0.074338024,1797,3
134.8867335,0.002120058,1797,0
3018.164467,0.00850301,1750,1
3349.033945,0.044659058,1797,3
3799.165512,0.02677521,1772,2
3806.05227,0.026816473,1750,2
2988.286802,0.026727587,1772,3
3412.107734,0.007064951,1772,1
3376.62466,0.007137002,1772,1
3415.764764,0.079217968,1750,3
688.2541547,0.012397848,1797,1
3334.152093,0.033612516,1750,2
3504.75035,0.042198834,1797,3
3302.97147,0.006496736,1730,1
3313.228025,0.046005704,1797,3
3260.836576,0.007033006,1797,1
3334.643348,0.013111567,1750,2
1381.615236,0.032627007,1730,2
2657.572738,0.055717733,1772,3
3438.020336,0.016945599,1730,1
205.6310211,0.00212844,1750,0
1052.25575,0.007211236,1750,1
3515.774531,0.03653653,1730,3
3222.021126,0.011026297,1750,1
3379.823102,0.027380664,1772,2
160.0734031,0.004875508,1772,0
2841.947357,0.062893833,1772,2
3800.444774,0.024524516,1750,3
29.90923923,0.001963183,1797,0
1305.440565,0.011802318,1772,2
649.667392,0.002331841,1772,0
3677.834545,0.013989182,1750,2
3308.31926,0.009361322,1797,1
1544.606013,0.024420787,1750,2
1146.281283,0.034065266,1772,2
3158.092414,0.008007038,1772,1
3252.58216,0.09154957,1750,3
1175.791657,0.019670521,1772,2
3446.067993,0.01370278,1797,1
3382.144855,0.007014041,1730,1
89.99324245,0.026282309,1772,0
3362.104709,0.011842236,1750,1
3311.588831,0.014209325,1772,1
2849.646327,0.041237365,1730,3
114.9733446,0.002174049,1730,0
3324.737071,0.035575974,1797,3
3332.982329,0.012534187,1750,1
2803.595991,0.073956482,1750,2
3231.270039,0.006514407,1797,1
338.9650422,0.006043291,1730,0
3354.18947,0.053025757,1772,3
3365.027007,0.010961367,1797,2
3229.025092,0.047132892,1797,3
719.9644608,0.013760465,1730,1
3614.036234,0.058607535,1772,3
2879.466271,0.047962756,1750,3
2645.516475,0.028376113,1772,3
3015.297256,0.00734921,1797,1
2949.444033,0.025211185,1750,3
2634.642945,0.023924584,1750,3
134.7542793,0.002353657,1772,0
973.3739438,0.016851854,1750,2
3688.537794,0.032628183,1730,2
3515.045561,0.013770559,1797,2
2691.050979,0.091761835,1797,3
3659.77818,0.051890947,1797,3
4262.466499,0.013496551,1797,2
1065.762612,0.00228797,1797,0
3107.900885,0.007529323,1730,1
97.82952369,0.001797783,1772,0
3437.113032,0.031986602,1772,3
2661.991425,0.025875059,1730,2
3042.031914,0.01820977,1797,2
3439.204975,0.018114778,1730,1
3552.36042,0.043709302,1797,3
662.1655331,0.004231809,1750,0
2861.199776,0.005948457,1730,1
3481.606579,0.026868706,1730,3
2691.827594,0.008795263,1797,1
2440.212803,0.012118182,1772,2
2102.107241,0.025430519,1772,0
1137.534947,0.0037567,1797,0
3192.898746,0.007617264,1750,1
129.3295693,0.002179379,1730,0
2940.205335,0.048792357,1797,2
3676.921947,0.028665351,1730,3
3355.801943,0.008412396,1797,1
3252.779837,0.034652398,1750,3
3322.123137,0.00647155,1730,1
3414.645343,0.047175019,1797,3
2889.927276,0.009675406,1750,1
3540.457903,0.036607465,1797,3
2846.552203,0.028658965,1772,3
3117.180559,0.010956436,1750,1
240.1225039,0.01201375,1772,0
3297.739314,0.018342868,1750,1
3627.808609,0.018586943,1772,2
436.1475405,0.003692615,1730,0
3669.319868,0.012063571,1772,2
3557.08208,0.015963844,1772,2
3102.332526,0.032473473,1730,3
3521.472896,0.019094378,1772,2
2675.378267,0.01871283,1750,2
285.6172126,0.003234695,1730,0
3404.106897,0.013561266,1750,2
3278.556918,0.009940589,1797,1
3041.143501,0.009079497,1797,1
3312.083024,0.008946809,1772,1
133.3903696,0.009108346,1772,0
3235.285397,0.010407771,1772,1
3335.438915,0.015922049,1797,2
2700.729807,0.012114807,1797,2
210.7520054,0.003745107,1750,0
1305.735669,0.057089832,1772,2
154.9902925,0.012684584,1730,1
2760.598689,0.023154407,1797,2
3217.889795,0.01195235,1772,1
3408.6449,0.035339774,1797,3
3438.513936,0.020666387,1730,1
3274.54013,0.028117905,1750,1
3400.642451,0.011443022,1772,1
3304.057389,0.008450458,1730,1
161.6954604,0.018280899,1797,2
3308.71087,0.010127198,1797,1
3416.403554,0.010304081,1797,1
691.4708953,0.003001436,1730,0
1159.854588,0.017248513,1750,2
34.38578655,0.002158049,1797,0
3537.039783,0.013620911,1772,1
1339.176348,0.002334906,1797,0
2404.916253,0.011324558,1730,1
3578.797406,0.018136553,1750,2
3437.526737,0.009003785,1730,1
281.3829744,0.001843406,1797,0
3383.997846,0.040662686,1730,3
3649.046964,0.012135244,1750,2
1264.583243,0.007505511,1730,0
1633.742421,0.001807694,1750,0
3204.547698,0.01061118,1750,1
2908.623672,0.030946639,1750,3
3453.647583,0.019132474,1730,2
3516.616904,0.017474095,1730,2
1131.769266,0.034786851,1797,2
3604.700449,0.012617134,1797,2
3321.333377,0.006797075,1730,1
3342.623299,0.037355993,1772,3
3688.516885,0.015442804,1797,2
3504.809457,0.032636102,1730,3
2752.037595,0.00649539,1797,1
3567.284408,0.111520007,1750,3
2646.885439,0.011953941,1750,2
685.1205515,0.002173219,1730,0
3477.143563,0.007013134,1772,1
179.9616865,0.006884081,1772,0
3478.527304,0.009828991,1772,1
3564.459673,0.041621402,1797,3
2616.149008,0.006961376,1797,1
3843.764491,0.021372307,1730,2
2876.376126,0.043133727,1797,3
3734.488582,0.036227874,1730,3
3385.205173,0.011244957,1750,1
3677.213079,0.015268754,1730,2
259.6475189,0.003686435,1730,0
3478.182739,0.030194292,1772,3
3394.375505,0.013345571,1797,1
3491.648654,0.026345762,1750,2
59.9922072,0.002362885,1750,0
3395.307797,0.016168522,1797,2
3361.133198,0.039326978,1797,3
2824.241133,0.017595998,1772,2
3380.960216,0.022637296,1730,1
3587.284047,0.014588764,1797,2
1725.274815,0.024503804,1772,2
3369.112923,0.083089875,1750,3
131.7107262,0.005860231,1750,0
3323.801375,0.0074269,1730,1
3163.815258,0.006997636,1797,1
359.1568349,0.012232251,1797,0
3453.45233,0.016879443,1730,2
2862.055414,0.0288858,1750,2
3268.814374,0.007253801,1750,1
719.9004206,0.022326075,1730,2
2918.471743,0.026154575,1730,3
57.98834378,0.002526723,1750,0
3388.781814,0.012449582,1772,1
2712.003345,0.022042025,1772,2
978.5038232,0.00245669,1750,0
436.0015295,0.013946368,1730,2
3648.752211,0.060229919,1750,2
692.2863091,0.004308411,1730,0
3013.697732,0.040512279,1797,3
1917.567302,0.015857831,1750,2
2646.001179,0.014899873,1750,2
3776.921176,0.023628448,1750,3
1022.454766,0.002377277,1730,0
320.7418418,0.001867043,1750,0
3551.860198,0.015069599,1730,2
1101.591668,0.021952435,1750,2
2899.234,0.008605727,1772,1
2669.432964,0.027933161,1772,3
3509.108152,0.012287528,1797,2
2775.390848,0.028470751,1772,3
3418.334569,0.009652617,1772,1
251.4686714,0.002478112,1730,0
3322.559921,0.023694723,1750,3
3328.292562,0.042970817,1750,3
3239.494554,0.008966936,1750,1
533.6459247,0.012510598,1772,2
3515.970336,0.07715826,1730,3
2798.665475,0.149091876,1797,3
2576.242877,0.020057118,1750,2
111.5634324,0.002697587,1730,0
3458.599506,0.035253445,1730,3
608.6022739,0.062621614,1772,2
3278.263211,0.011931603,1797,1
3337.229796,0.126476189,1797,3
2866.779254,0.032686546,1730,3
130.7953812,0.002375181,1750,0
186.7564367,0.001980314,1772,0
3491.574005,0.053070098,1750,3
324.833696,0.002447771,1772,0
2848.079888,0.006514874,1797,1
3519.546502,0.058391897,1772,3
2481.527326,0.013900049,1772,2
350.7503149,0.010980102,1750,0
3437.822896,0.014258653,1730,1
1331.622247,0.001835434,1772,0
2437.207768,0.019183948,1797,2
2898.346596,0.016769504,1797,2
3389.572523,0.011760659,1772,1
120.2272709,0.004042809,1797,0
597.9924257,0.001795698,1750,0
3388.485298,0.013999667,1772,1
3480.25674,0.011943918,1772,2
3374.351371,0.008162879,1772,1
138.0934023,0.003739833,1750,0
2262.953824,0.017419943,1772,2
3218.680504,0.00763163,1772,1
254.2285335,0.002099079,1797,0
3126.499996,0.015409955,1730,2
3358.833704,0.007521137,1772,1
3304.847149,0.00904211,1730,1
1288.170564,0.037414491,1750,2
3356.585163,0.008930959,1797,1
3574.802509,0.014189176,1730,2
3230.388917,0.011873965,1797,1
119.5032889,0.002053013,1772,0
618.0854915,0.01171817,1730,1
3446.361701,0.017081771,1797,1
2877.84223,0.007175444,1797,1
3574.119121,0.039593108,1730,2
3014.905647,0.008391151,1797,1
3442.994135,0.03040243,1772,3
2646.305906,0.027909213,1750,3
2072.984334,0.00203274,1750,0
138.6972182,0.004567541,1772,0
2581.665861,0.025769684,1772,2
3412.585359,0.168152876,1730,3
678.8550598,0.001987696,1772,0
3326.724919,0.007745681,1797,1
2759.219942,0.016602993,1772,2
3341.141586,0.009120957,1772,1
3447.393131,0.009062623,1772,1
3468.452591,0.040905481,1797,3
2101.939079,0.007236235,1730,0
2582.1577,0.039272041,1772,2
3241.222713,0.034676301,1797,3
2844.477391,0.062344377,1750,3
662.2889654,0.003089157,1730,0
720.0354188,0.002889353,1797,0
275.3209377,0.002688821,1750,0
3769.655138,0.012266819,1772,2
2832.81443,0.16200699,1750,3
960.3162837,0.01046755,1772,1
242.2254835,0.001834963,1797,0
135.1818905,0.011100579,1797,0
3439.090684,0.070288268,1750,3
1191.638148,0.020576544,1797,2
1675.901254,0.00176522,1797,0
3355.391754,0.007396904,1750,1
153.0852693,0.00351381,1750,0
495.4209676,0.002022727,1797,0
2785.086709,0.010158675,1750,1
3458.79531,0.02904492,1730,3
3318.309859,0.009374943,1772,1
3722.544484,0.030991351,1730,3
2583.141379,0.036637829,1797,3
2621.902662,0.018078171,1750,1
540.8130798,0.009839683,1797,1
2976.426576,0.026630451,1772,3
1095.967008,0.019088447,1797,0
1437.051086,0.025009154,1797,2
273.1539172,0.001782711,1772,0
100.2179098,0.001993524,1750,0
2924.874132,0.007239554,1750,1
3356.291456,0.011583793,1797,1
3230.682625,0.012931716,1797,1
3290.996877,0.012188256,1772,2
3431.899701,0.050439153,1750,1
3264.541636,0.00864651,1772,1
3159.970348,0.007510228,1772,1
3527.118295,0.02749116,1797,2
36.92475558,0.001768717,1772,0
3350.258317,0.008806347,1750,1
3419.087677,0.017924929,1730,2
2917.223466,0.026903175,1772,3
2881.740807,0.064456834,1772,3
97.18249825,0.003724022,1730,0
3777.118853,0.070649954,1750,3
1425.176267,0.015842401,1797,2
3747.78935,0.031030037,1750,2
3389.868165,0.076003433,1772,3
3607.977992,0.019125512,1750,2
2676.683297,0.013708767,1797,2
3396.145366,0.017051428,1730,2
672.1216047,0.003757009,1797,0
3294.790322,0.051379657,1772,3
3508.842602,0.014752187,1750,2
3176.55728,0.012477094,1750,2
264.8464672,0.012309373,1772,0
1263.480806,0.042308,1797,2
3386.607363,0.059501038,1750,3
1422.716142,0.085918631,1730,2
3591.008567,0.039613463,1730,2
2691.346083,0.065702914,1797,3
1116.672541,0.024449898,1772,2
3379.973017,0.011404812,1730,1
2804.283749,0.011863753,1750,2
233.6778251,0.009440715,1730,0
3507.686276,0.118990127,1772,3
3590.489291,0.047722535,1750,2
2682.099499,0.014427187,1772,2
235.5900161,0.003420332,1750,0
3430.937873,0.042265656,1772,3
59.98722885,0.003494373,1772,0
2891.309355,0.006747021,1730,1
2757.104028,0.024189882,1750,3
3378.221602,0.035040064,1730,3
260.7496346,0.008911163,1750,0
104.7482657,0.014507931,1772,0
3473.980726,0.057158503,1750,3
186.8038868,0.002856131,1730,0
39.38457479,0.009894564,1750,0
1654.100099,0.002137657,1772,0
1970.13153,0.033331705,1797,2
3473.865199,0.016907954,1750,2
179.5538211,0.002518836,1797,0
3320.605618,0.033767548,1772,2
3308.401066,0.00800831,1730,1
324.4266986,0.00181643,1797,0
3528.260281,0.042978563,1797,3
3573.923867,0.036739402,1730,2
3205.913307,0.040679131,1730,3
1125.876247,0.002092121,1797,0
123.5220992,0.002349961,1750,0
243.3569186,0.006533194,1797,0
3470.249896,0.050152674,1730,3
3537.23746,0.017361391,1772,1
3435.684242,0.014914258,1730,2
209.4630603,0.002408676,1797,0
3464.277847,0.008341924,1797,1
2858.473166,0.0413534,1797,3
142.6592003,0.00183927,1797,0
1036.345301,0.004568393,1797,0
2769.170522,0.027160321,1730,3
3706.110627,0.014635064,1730,2
1210.475361,0.037400412,1730,2
3555.522609,0.038693615,1750,3
119.6861498,0.00570759,1797,0
3447.242823,0.0326902,1730,3
2395.250072,0.014582803,1797,2
3337.029846,0.006596019,1730,1
2524.142307,0.019099618,1730,2
97.50018447,0.00250239,1797,0
2527.06057,0.014903272,1797,2
3187.645169,0.010452835,1772,1
3753.891772,0.026640037,1750,3
3332.109553,0.040595352,1730,3
3402.678601,0.010924098,1750,1
2918.575961,0.034478819,1797,3
3307.14064,0.077751711,1772,3
3228.959723,0.009443054,1772,1
1654.199292,0.003354132,1772,0
1465.288423,0.076765615,1772,2
3397.33259,0.011666861,1772,2
2821.744502,0.009017184,1772,1
104.9774943,0.006069888,1797,0
104.7315301,0.003457437,1797,0
1112.946134,0.043427434,1730,2
2101.716693,0.002557028,1730,0
2556.945533,0.025783412,1797,2
1299.359582,0.002076306,1772,0
3507.980331,0.068023735,1772,3
3707.021812,0.015179385,1797,2
1313.000579,0.004329396,1750,0
3590.520432,0.016964428,1730,2
3552.557156,0.089893908,1797,3
2881.936843,0.060311024,1772,3
3607.898012,0.013856919,1730,2
1323.349689,0.056206683,1797,2
2547.062291,0.053136871,1750,2
331.7745752,0.00260659,1730,0
2517.979957,0.027215318,1750,2
3318.507536,0.016613918,1772,1
2815.086766,0.042115088,1730,3
3389.57411,0.083949996,1772,3
1110.50051,0.008963766,1750,1
3223.896805,0.009653455,1750,1
444.8081537,0.002891873,1772,0
3460.539428,0.052629972,1772,3
180.0087719,0.011898188,1730,0
1036.541645,0.003477928,1750,0
2592.780282,0.007424533,1750,1
3612.364847,0.03481105,1797,3
1387.207703,0.02616181,1750,2
3378.96304,0.029314522,1730,2
3388.979491,0.009287466,1772,1
3128.434631,0.007156552,1730,1
3220.073612,0.022100407,1772,2
111.8700045,0.003388174,1750,0
1748.567188,0.024700893,1797,2
2858.118374,0.072239351,1772,3
2803.890745,0.014408345,1750,2
3631.103605,0.034862964,1730,3
2900.673,0.0135205,1772,2
3545.029481,0.015325823,1797,2
3745.45425,0.014716265,1730,2
346.1555093,0.008855923,1730,0
1465.485159,0.01256282,1772,2
3905.18766,0.017717559,1750,2
3605.591061,0.012325216,1797,2
947.612623,0.011966038,1750,1
172.5717757,0.002057625,1772,0
3291.223798,0.008171627,1730,1
129.8237594,0.005879894,1730,0
150.0114281,0.003337887,1730,0
2811.167562,0.026538101,1772,3
3382.725114,0.006387078,1797,1
3470.054091,0.038542281,1730,3
3477.736595,0.015382846,1772,1
681.9320377,0.002589879,1750,0
2363.387463,0.024410007,1772,2
3282.931324,0.008024969,1730,1
1416.388288,0.012306635,1750,2
2809.587349,0.040805986,1750,3
3364.417358,0.019771423,1797,1
159.4267359,0.009246593,1772,1
1096.114586,0.001849555,1797,0
3507.392221,0.049995371,1772,3
511.0941656,0.001775725,1772,0
2859.751949,0.017843947,1772,2
2583.338115,0.06690663,1797,3
188.979491,0.006819622,1772,1
138.8460084,0.002598189,1772,0
3210.372174,0.013722599,1750,1
3672.25105,0.076043114,1750,3
360.5117339,0.002652663,1730,0
3124.979433,0.006535163,1730,1
3342.329244,0.052113392,1772,3
3625.599209,0.043678875,1750,3
3619.571625,0.014855681,1750,2
182.2526146,0.002110859,1750,0
3544.753653,0.034108324,1730,3
3263.186235,0.009414899,1797,1
3218.383988,0.018167444,1772,1
1401.823028,0.014125655,1750,1
1445.667125,0.030102102,1750,2
2690.755875,0.04104113,1797,3
3264.838152,0.007021681,1772,1
3262.99043,0.015183291,1797,1
1286.129935,0.002636646,1730,0
440.7509952,0.00362392,1750,0
3823.770694,0.02670374,1750,3
602.2942779,0.009155791,1730,0
3538.127008,0.030191393,1750,3
2587.934761,0.012941829,1750,2
276.6604629,0.002877041,1797,0
2741.710454,0.030064811,1772,2
3380.170456,0.015579768,1730,1
2763.628641,0.105445839,1772,3
3401.140281,0.03967765,1772,3
2584.232812,0.006815565,1797,1
3413.172773,0.034006803,1730,3
2939.716572,0.008611471,1797,1
119.9744577,0.003074262,1772,0
3322.515114,0.007509071,1797,1
2778.311961,0.024628827,1797,2
2478.257686,0.03043596,1730,2
3551.17681,0.02929497,1730,2
3308.123455,0.006338761,1797,1
3301.030404,0.042594039,1797,3
3353.449058,0.011090249,1797,2
1008.444475,0.00734266,1730,0
3504.356879,0.059050355,1797,3
3275.69267,0.044917862,1750,2
165.2571951,0.002289574,1730,0
639.1624101,0.00401802,1797,0
2786.261428,0.0374751,1750,3
2940.007422,0.01810361,1797,2
3252.58216,0.008003771,1772,1
3747.985852,0.031720013,1750,2
645.9510203,0.001819016,1797,0
3485.643687,0.052464455,1750,3
3443.30186,0.015255218,1797,2
3540.654638,0.034336253,1797,3
3230.193113,0.006637159,1797,1
1321.504516,0.002009441,1772,0
3409.194116,0.007120164,1730,1
3287.472202,0.033576635,1750,3
3263.200429,0.01127406,1797,2
2522.065728,0.008015857,1772,1
504.2222373,0.003075799,1730,0
3263.284137,0.030072699,1730,3
131.2159451,0.002383879,1750,0
3905.384162,0.012604501,1750,2
1943.848317,0.026978146,1772,2
3380.664056,0.022211083,1730,1
3432.49202,0.008353724,1750,1
2616.442715,0.007053919,1797,1
3296.949554,0.005932444,1730,1
3146.302939,0.011365659,1750,1
3611.971375,0.037150587,1797,3
1080.51407,0.00266945,1772,0
3318.706811,0.036031451,1772,3
2862.546669,0.017307166,1750,2
1036.442689,0.002363977,1750,0
1161.753185,0.038888518,1797,2
1485.045149,0.04247039,1797,2
2802.560137,0.012807848,1750,1
1066.8663,0.007335973,1730,1
173.312495,0.003035541,1730,0
2331.499312,0.019750555,1750,2
3364.808968,0.01102335,1797,1
2233.653569,0.015028311,1797,2
1445.470623,0.082720617,1750,2
3369.3106,0.030960187,1750,3
648.2423099,0.024424802,1730,2
98.46739271,0.002358173,1730,0
159.0566704,0.010388131,1772,0
2751.866434,0.034856376,1772,3
3321.629537,0.006929938,1730,1
1436.71831,0.02297089,1797,1
2704.460601,0.069098599,1750,2
264.5894206,0.003341421,1730,0
2692.415008,0.009607732,1797,1
3324.393695,0.009456755,1730,1
749.7112076,0.002687836,1730,0
3323.548307,0.009424273,1772,1
1093.667571,0.008610953,1730,0
2791.883888,0.039395601,1730,3
3280.417064,0.027065528,1730,3
3659.581445,0.037596859,1797,3
2971.761433,0.015139526,1730,2
207.7081313,0.002084178,1730,0
3349.230681,0.048968998,1797,3
3302.77403,0.010710198,1730,1
3245.31903,0.008154735,1750,1
158.0578193,0.005663209,1750,0
3326.137504,0.007473715,1797,1
3722.838192,0.071266631,1730,3
3493.061165,0.037953569,1730,3
3175.524038,0.016052839,1750,1
294.8524808,0.002262699,1772,0
2919.049656,0.007597435,1750,1
47.26567101,0.005959208,1772,0
3320.900722,0.011781985,1772,2
2832.678326,0.020408085,1750,2
3379.626366,0.053305822,1772,2
136.5200363,0.003014674,1730,0
253.4516135,0.001672207,1750,0
2232.363922,0.014691692,1750,2
3262.696723,0.017788185,1797,1
636.0266864,0.007876219,1772,1
3370.79318,0.016212423,1772,1
512.2775372,0.002180014,1730,0
258.398894,0.002081623,1772,0
1066.25454,0.005295889,1797,0
2926.118112,0.034644566,1750,3
3677.117752,0.03036512,1730,3
236.0600582,0.002113623,1750,0
3389.177168,0.010009416,1772,1
36.94381359,0.004265718,1797,0
216.3008633,0.00393577,1797,0
667.6230214,0.024881754,1772,2
3240.919199,0.029808549,1750,3
3291.717398,0.006581043,1730,1
3220.270348,0.018084588,1772,2
66.36112455,0.001876264,1797,0
2564.25474,0.018871707,1772,2
3882.085495,0.027238683,1750,3
2741.513718,0.075675266,1772,2
1365.311552,0.040810997,1730,2
3444.254084,0.092767953,1797,3
2831.682517,0.007792923,1750,1
137.4095786,0.003124867,1730,0
3012.241272,0.014512148,1750,1
3423.844139,0.033905171,1730,3
3348.060292,0.008489316,1772,1
658.3939105,0.008647888,1797,1
2101.830072,0.00229052,1750,0
3433.236878,0.042017846,1797,3
3562.082385,0.038542397,1730,3
2873.550796,0.012846041,1750,2
2869.978599,0.13228145,1772,3
637.4665997,0.002074269,1772,0
3630.9078,0.035189853,1730,3
149.5461962,0.004749563,1797,0
100.3341579,0.003480298,1772,0
3608.679027,0.020189035,1730,2
2700.247204,0.028760923,1730,3
3373.556221,0.032095598,1750,1
2890.914476,0.006594655,1730,1
2497.07665,0.017964295,1797,2
1602.868933,0.033851546,1750,2
3381.749975,0.030857226,1730,1
3254.796143,0.006852102,1730,1
3616.87214,0.019546508,1797,2
3586.264288,0.006994988,1797,1
2895.268865,0.046258561,1730,3
2455.118954,0.050297658,1797,2
3383.802041,0.026863682,1730,3
3519.742538,0.057626567,1772,3
2425.233992,0.013692515,1797,2
289.7932846,0.002632311,1750,0
3247.837905,0.010998829,1772,1
3424.895889,0.015947137,1797,2
3401.630373,0.103507512,1772,3
1445.274121,0.01437473,1750,2
1283.041584,0.002612184,1750,0
1910.262648,0.026022469,1797,2
35.45814518,0.003941863,1730,0
1282.992106,0.004226536,1750,0
613.7297182,0.001851787,1797,0
3398.270324,0.029170466,1750,3
2914.063962,0.014722681,1730,2
2820.033565,0.007620318,1750,1
719.9406968,0.00821719,1772,1
3520.632737,0.017036588,1750,2
679.5989145,0.004638449,1797,0
174.9545935,0.003195059,1750,0
3660.58809,0.026892941,1750,3
3360.118606,0.010881731,1772,1
1047.512073,0.008193826,1797,0
320.1468063,0.001819161,1772,0
3282.727947,0.007013844,1772,1
3648.92513,0.037890496,1750,3
3433.259204,0.029668963,1750,3
1101.884303,0.014248581,1797,2
2822.733733,0.03867687,1772,3
2723.807494,0.018944497,1772,2
3698.731874,0.033656644,1772,2
3409.038372,0.045300343,1797,3
1382.473921,0.037711829,1730,1
3566.791368,0.045116983,1772,3
3230.976332,0.012615602,1797,1
141.2018524,0.003445232,1772,0
149.6445818,0.006987585,1797,0
172.0765112,0.013275286,1797,0
1732.486149,0.021631184,1730,2
3320.557065,0.042915738,1730,3
3401.130773,0.081432895,1730,3
111.4247015,0.001880013,1750,0
628.4357638,0.010373028,1797,1
533.5307565,0.013805642,1730,2
3129.12567,0.006505548,1730,1
1984.949193,0.024984711,1730,2
3051.84087,0.008674814,1772,1
1094.242649,0.007880299,1772,1
2879.347612,0.011817624,1750,2
3433.090981,0.018295053,1750,2
3536.743267,0.008378099,1772,1
3591.20382,0.062213911,1730,2
134.6899622,0.004156332,1797,0
2102.013207,0.002706966,1730,0
3303.859949,0.008041955,1750,1
3236.077304,0.031196085,1772,3
255.1338692,0.002955091,1750,0
2656.486286,0.00693249,1772,1
611.4999495,0.00385641,1750,0
3631.26351,0.029374457,1750,2
299.190778,0.002489631,1797,0
2803.448616,0.008599503,1750,1
343.4522938,0.003398354,1750,0
3348.837209,0.068967745,1797,3
2473.129097,0.019752715,1797,2
3843.569238,0.016634302,1730,2
3378.767786,0.014568096,1730,2
3367.443071,0.01892324,1730,2
293.4885711,0.002259772,1772,0
3497.306647,0.031200844,1750,3
2803.632181,0.050040118,1730,3
2906.968547,0.03725884,1797,3
3705.915374,0.02612644,1730,2
3378.007939,0.040194937,1772,3
3283.523643,0.008740828,1730,1
3356.87887,0.006808272,1797,1
3671.001526,0.01190652,1797,2
2581.960964,0.067677616,1772,2
3019.421794,0.026373826,1750,3
162.2379457,0.004284286,1797,0
3324.685933,0.042799159,1772,3
678.0119156,0.002931027,1772,0
3556.59024,0.016309877,1772,2
75.21342087,0.002056085,1772,0
3283.518207,0.070445878,1772,3
2894.57419,0.049469936,1797,3
172.7033396,0.002876005,1750,0
3324.097535,0.007256103,1730,1
448.8826884,0.006448666,1797,1
3293.144382,0.006841656,1797,1
1035.853373,0.003400597,1797,0
3308.906674,0.072445075,1730,3
3010.597939,0.026891763,1730,3
1015.634942,0.00381939,1730,0
3357.252286,0.068214639,1750,3
3247.640227,0.010396622,1772,1
3409.13674,0.015064819,1772,2
3431.208661,0.007750991,1750,1
2646.197681,0.056155345,1750,2
98.13982926,0.002305894,1750,0
237.0990985,0.013188323,1750,0
157.3595709,0.008894946,1750,1
3478.495508,0.007363749,1750,1
347.4497988,0.003313377,1772,0
734.9900385,0.002269726,1797,0
3360.838095,0.044047382,1797,3
799.6478633,0.001984394,1772,0
3480.060004,0.012643529,1772,2
2489.680028,0.01689142,1730,2
701.6985423,0.001963786,1750,0
2727.946627,0.136387818,1750,3
2856.140351,0.063874543,1750,3
3280.068446,0.007282253,1750,1
2976.230539,0.04084512,1772,3
3858.18626,0.017448412,1772,2
2780.918814,0.027804673,1730,3
3604.99732,0.0313267,1797,2
3656.827143,0.012819339,1772,2
46.00910545,0.004387377,1730,0
3504.51575,0.048820123,1730,3
3746.040011,0.044763465,1730,2
270.0255126,0.004092702,1730,0
2816.729989,0.069903597,1730,2
1760.267243,0.024678023,1750,2
36.42878841,0.002923686,1772,0
2916.285498,0.006956638,1730,1
46.65785681,0.003880833,1750,0
2816.534735,0.026790485,1730,2
3286.389113,0.030593439,1730,3
3276.380428,0.011659436,1750,2
3639.809494,0.030481236,1772,2
3723.033997,0.046413189,1730,3
3436.465257,0.039338425,1730,2
1884.827569,0.019523618,1772,2
2796.735661,0.006874751,1750,1
3602.470064,0.037779109,1772,3
3420.152029,0.016948868,1750,1
270.363781,0.003071105,1797,0
2916.088058,0.008643493,1730,1
3338.609365,0.010455607,1750,1
616.7979219,0.063998099,1797,2
3381.355096,0.022487892,1730,1
3676.741022,0.014635496,1797,2
3474.277242,0.02487497,1750,3
3424.333652,0.012783516,1797,1
3466.235896,0.006853352,1797,1
2677.24013,0.0344835,1730,3
3373.358781,0.009341324,1750,1
109.1623735,0.003704451,1772,0
3348.257969,0.010230622,1772,1
3468.255855,0.014619597,1772,2
3403.910395,0.013529931,1750,2
2891.704235,0.005994703,1730,1
685.377028,0.003350634,1772,0
3295.378433,0.081535945,1772,3
3412.781164,0.134361885,1730,3
2102.353877,0.003641606,1797,0
108.6724199,0.002352381,1730,0
2072.198673,0.002951149,1797,0
2778.509875,0.072048354,1797,2
152.6453443,0.002215076,1797,0
3247.93753,0.030853646,1772,3
2604.489208,0.023955117,1730,2
2810.961464,0.042602182,1797,3
3325.622382,0.036267165,1797,3
82.60333166,0.002714438,1772,0
2759.325398,0.019536658,1730,2
1654.273687,0.002057693,1772,0
2799.547662,0.013721448,1730,2
3371.832781,0.03325375,1772,3
720.0395355,0.029022621,1750,3
720.0631808,0.014450172,1750,1
2130.997417,0.001763956,1750,0
3657.023879,0.015294774,1772,2
117.1394231,0.004643575,1750,0
2849.155945,0.008164039,1750,1
131.3073075,0.003023708,1772,0
3683.815172,0.030936027,1750,3
3320.850772,0.071661072,1730,3
622.2317286,0.006937285,1730,1
3522.259839,0.044496504,1797,3
3323.011616,0.010700051,1730,1
3344.433841,0.013986052,1750,1
670.6220048,0.006549859,1772,0
3395.502842,0.007552787,1772,1
3368.529261,0.008711717,1797,1
3472.301635,0.026513275,1772,3
449.04952,0.018411648,1772,2
2680.147422,0.011160291,1750,1
158.066728,0.002422303,1730,0
3361.920142,0.013178567,1772,2
108.926057,0.002487342,1750,0
3766.593823,0.013201034,1797,2
3643.539771,0.027140145,1772,3
3520.436235,0.01561482,1750,2
3042.648876,0.06172346,1750,3
3407.281573,0.017163795,1797,2
2692.219204,0.006837764,1797,1
2780.625107,0.045752861,1730,3
3338.740776,0.013886099,1730,2
3567.086731,0.033926466,1750,3
514.9713438,0.011646261,1797,2
3363.136176,0.017103678,1750,2
3767.491044,0.038602064,1797,3
590.9353466,0.055318913,1730,2
3015.493061,0.007911439,1797,1
3699.026977,0.013666469,1772,2
2998.947549,0.086194164,1730,3
2999.654065,0.010031001,1772,1
2918.772696,0.014084446,1772,2
1065.486339,0.025830727,1750,0
351.6795251,0.003336723,1797,0
3292.556967,0.010502841,1797,1
2822.402843,0.006440424,1730,1
2718.640993,0.050777472,1797,2
3374.305505,0.00732757,1797,1
3424.235749,0.070751579,1730,3
3445.336131,0.043926863,1797,3
329.1984029,0.002819048,1797,0
2869.586526,0.053119374,1772,3
2294.719201,0.01452236,1730,2
103.3595576,0.002078237,1772,0
126.4468292,0.003743422,1772,0
126.8931997,0.002267157,1772,0
2939.422865,0.009455889,1797,1
3557.003257,0.015920718,1797,2
2759.520652,0.017855669,1730,2
160.3832904,0.002014812,1750,0
3102.528331,0.030079414,1730,3
3219.256968,0.006401076,1730,1
1122.182344,0.003064143,1730,0
137.6907247,0.001855047,1797,0
669.4635542,0.001779468,1750,0
201.9857505,0.002167238,1797,0
3267.012602,0.008014012,1772,1
141.8784776,0.001803306,1750,0
3564.16457,0.045871269,1797,3
3275.889173,0.027991174,1750,2
3420.842521,0.039552884,1797,3
140.3005912,0.002964725,1730,0
3665.467362,0.041531694,1730,3
3244.682674,0.010647283,1797,1
2899.482136,0.02775309,1772,3
3396.447279,0.03608815,1797,3
2870.174636,0.125912793,1772,3
2936.523084,0.012763249,1750,1
2752.233399,0.0067784,1797,1
47.91381417,0.005124621,1797,0
2634.824558,0.019819239,1797,2
3371.089696,0.018100966,1772,1
3309.200382,0.186465735,1730,3
750.534972,0.002063775,1797,0
418.9245417,0.009445737,1797,1
3232.934381,0.009524354,1797,1
3539.670959,0.013868115,1772,2
3680.927282,0.025503682,1772,2
82.49637203,0.002325142,1797,0
304.0257967,0.002078943,1730,0
155.0393364,0.005114175,1772,0
1329.340798,0.002406922,1772,0
1006.190097,0.011526108,1797,0
3491.353901,0.075394724,1750,2
2798.468739,0.048722605,1797,3
2573.855153,0.026897655,1730,3
3533.79923,0.037991228,1730,2
3414.426273,0.010650993,1750,1
1124.679946,0.002672819,1772,0
3289.127886,0.041480819,1797,3
3401.434336,0.146614788,1772,3
3321.037217,0.009743174,1750,1
3377.613047,0.010341905,1772,1
30.00762489,0.002167093,1797,0
3379.578137,0.006256095,1730,1
3329.379787,0.008401789,1772,1
3590.610329,0.036766509,1750,3
3604.304622,0.011903358,1797,2
3338.669016,0.010658838,1797,1
3361.907269,0.018380984,1750,1
1035.137139,0.008073343,1772,1
3297.745796,0.074971755,1730,3
3312.280702,0.009169683,1772,1
3357.449963,0.241281637,1750,3
3562.501525,0.014606236,1730,2
3850.410259,0.013663993,1797,2
3400.938967,0.007809689,1772,1
1784.393931,0.012490566,1772,2
2739.609587,0.028011814,1750,3
3657.318983,0.025317992,1772,2
2907.212962,0.036177807,1730,3
1034.513115,0.003817586,1772,0
3490.14446,0.033322906,1750,1
672.8594971,0.003062812,1797,0
172.8430143,0.003075843,1730,0
3437.724177,0.010141394,1750,1
3383.334021,0.015871025,1797,2
3188.832438,0.041959526,1772,3
720.0825309,0.015105942,1750,2
2971.566179,0.015884096,1730,2
3380.466616,0.021719452,1730,1
3303.26763,0.009075328,1730,1
3626.092497,0.036400073,1772,3
1267.782325,0.05674846,1730,2
1036.099337,0.056738645,1797,0
3526.641702,0.007975445,1797,1
3639.612758,0.048526164,1772,2
2767.613281,0.006982838,1750,1
2999.143354,0.046855113,1730,3
3416.109847,0.008327983,1797,1
2879.940626,0.01697747,1797,2
2895.562572,0.135280298,1730,3
85.47019107,0.003952758,1730,0
3309.591992,0.040480584,1730,3
39.87576022,0.008591666,1772,0
3249.682354,0.012123787,1772,2
3264.146281,0.048586379,1750,3
82.70265924,0.002464649,1750,0
2488.799371,0.019646695,1750,2
2617.115347,0.012114392,1750,2
4198.756129,0.006211532,1730,1
701.5501079,0.005766421,1750,0
3565.763928,0.012066272,1750,1
3573.00059,0.012976493,1750,2
3728.857684,0.021144833,1730,2
3289.42299,0.043288186,1797,3
1123.474683,0.002735033,1750,0
3320.346178,0.006216475,1730,1
1065.783845,0.028331804,1772,0
142.167272,0.002453576,1797,0
3445.774286,0.016216591,1797,1
2906.673443,0.104394598,1797,3
2773.437757,0.009805104,1750,1
3263.596256,0.034137906,1797,2
3472.59569,0.027085124,1772,3
2960.994301,0.016671742,1750,2
672.1480594,0.002500959,1730,0
3306.944603,0.077779037,1772,3
3307.32595,0.044823,1797,3
947.5338966,0.014476258,1750,2
1141.550803,0.017521163,1730,2
3720.288174,0.039817922,1772,3
3392.218511,0.011713587,1750,2
139.85582,0.003113258,1730,0
29.99734373,0.00250278,1730,0
82.82627362,0.003244336,1730,0
358.048336,0.003781555,1750,0
2889.828556,0.009451353,1730,1
3121.607332,0.057662692,1797,3
2778.114048,0.014432969,1797,2
1079.983425,0.002244837,1750,0
3337.524899,0.055896589,1797,3
3349.438285,0.029589664,1730,3
2907.400704,0.008745938,1750,1
3382.333505,0.009791767,1797,1
3963.45058,0.013368941,1750,2
3128.039751,0.007013178,1730,1
1007.497995,0.008365787,1750,0
239.9193507,0.001967062,1750,0
3591.594328,0.020293778,1730,2
973.4439631,0.008463081,1797,1
3432.29458,0.009759014,1750,1
2774.598468,0.031441981,1750,3
157.0435181,0.00863478,1750,0
3666.240912,0.016408872,1750,2
3323.844823,0.009439042,1772,1
2748.624912,0.021897213,1797,2
2821.084692,0.012098064,1750,2
3625.798442,0.044705197,1772,3
147.6494256,0.004599548,1772,0
2822.568878,0.036833752,1797,3
3608.096532,0.031712031,1730,3
3336.742195,0.028266203,1772,3
58.89610108,0.003194146,1772,0
3333.95559,0.049592913,1750,2
3419.125278,0.011672155,1772,1
3284.115963,0.011098906,1730,1
1081.012388,0.003382139,1797,0
1702.004323,0.016860783,1750,2
3304.873256,0.023926265,1750,2
3432.941774,0.065267197,1797,3
3526.445897,0.008794969,1797,1
2821.250309,0.042824166,1750,3
2422.506578,0.039992215,1772,2
3672.448727,0.027206125,1750,3
3371.287373,0.010534964,1772,1
3401.424481,0.0295902,1730,3
86.98251567,0.003947564,1750,0
3699.831118,0.029609903,1730,3
134.5804566,0.003221173,1750,0
297.4198362,0.002880581,1797,0
3586.987177,0.07229053,1797,2
2899.431678,0.009640301,1772,1
2841.652253,0.026845666,1772,2
353.3212669,0.006557741,1730,0
3282.530269,0.007691589,1772,1
2293.522451,0.012290048,1797,2
3605.195234,0.02033594,1797,2
1038.1388,0.011772746,1730,1
1021.593171,0.002438409,1772,0
3280.265886,0.019281061,1750,1
3367.133641,0.034209789,1797,3
178.0469753,0.001962767,1750,0
504.651973,0.003054662,1750,0
3314.225542,0.009531303,1730,1
3520.731406,0.062350678,1750,3
3706.724941,0.023189867,1797,2
3379.331262,0.019089099,1772,2
3620.003742,0.021106594,1730,2
3303.46507,0.006716111,1730,1
3585.97058,0.008069166,1797,1
3461.724734,0.024032247,1750,3
3278.850625,0.011166868,1797,1
3701.408451,0.029221752,1750,3
3436.818976,0.036888531,1772,3
2937.583395,0.031571161,1750,3
140.5673078,0.002587436,1750,0
143.6922497,0.002313585,1797,0
96.91198443,0.002107673,1772,0
676.6668041,0.032451514,1797,2
3355.997748,0.010707998,1797,1
658.6755748,0.015390833,1750,2
3389.578285,0.05089027,1730,3
720.0724478,0.027875008,1730,3
82.13216285,0.00178054,1772,0
3251.829552,0.030247297,1730,3
1081.37813,0.008524496,1750,1
3718.804052,0.042937761,1750,3
3336.934692,0.126459859,1797,3
2871.556098,0.020130443,1772,2
3639.317655,0.018911221,1772,2
3283.721083,0.007703279,1730,1
1032.906644,0.006955387,1730,1
3396.742383,0.069921084,1797,3
3394.669212,0.008026311,1797,1
67.3449811,0.002354443,1797,0
3425.291716,0.041331256,1797,2
3323.406496,0.010767528,1730,1
3409.786436,0.008816368,1730,1
1418.927601,0.009177581,1772,1
1089.670495,0.027155166,1772,3
3365.159377,0.007327114,1772,1
269.1831531,0.004596294,1797,0
3421.399096,0.014786813,1750,2
3409.588996,0.009875949,1730,1
3268.616934,0.017722224,1750,1
104.5719834,0.009393553,1750,0
3554.931142,0.047182455,1772,3
3343.857846,0.035721368,1730,3
1095.5938,0.007070764,1730,1
3400.148258,0.016263597,1772,1
3229.615299,0.069482973,1797,3
3345.688164,0.069317101,1750,3
3661.2811,0.035083527,1772,3
2449.555391,0.035706978,1730,2
2716.283667,0.033513619,1750,3
3147.615518,0.072188302,1750,3
2796.520018,0.022546427,1797,2
1586.871727,0.025683387,1797,2
3621.906534,0.018285998,1772,2
3671.648348,0.024077614,1730,2
3456.550073,0.044248734,1797,3
3910.279141,0.015362993,1797,2
263.3292357,0.003820298,1730,0
1079.434894,0.002335836,1730,0
159.5527539,0.012457277,1772,2
3496.120105,0.064152688,1772,3
1785.978589,0.00269028,1730,0
2622.979985,0.074446094,1750,3
3329.775142,0.007761997,1772,1
3404.101804,0.066730151,1750,3
3608.386147,0.042700095,1730,2
3332.305358,0.036007761,1730,3
3448.679202,0.062282388,1772,3
2449.750645,0.024464927,1730,2
3444.844292,0.099775164,1797,3
3310.038481,0.020745631,1730,2
3325.327278,0.061131781,1797,3
3522.474515,0.01607106,1730,2
169.7943596,0.003976278,1772,0
360.0422533,0.002516082,1730,0
1565.722061,0.021752747,1772,2
3415.620334,0.00656354,1797,1
3462.416605,0.172078878,1750,3
104.3729653,0.008187597,1730,0
3229.221828,0.091931568,1797,3
3332.784889,0.019086129,1750,1
3449.373128,0.007020287,1750,1
710.497765,0.001988221,1772,0
723.8650614,0.00201564,1730,0
3307.92765,0.007624596,1797,1
4261.297965,0.01380836,1772,2
3282.233753,0.009648622,1772,1
676.3410114,0.002271707,1750,0
3366.838537,0.059383743,1797,3
3315.114022,0.00754063,1750,1
2958.215478,0.010972223,1797,2
3614.232271,0.046240617,1772,3
359.9872727,0.008376354,1797,1
3369.607424,0.006621146,1730,1
3531.308709,0.027647229,1772,3
3285.498042,0.009547179,1730,1
3442.798098,0.027024242,1772,3
3508.969607,0.059166454,1750,3
2914.259216,0.039879796,1730,2
3377.316531,0.009092433,1772,1
239.0561745,0.002614708,1772,0
3158.05061,0.007689834,1750,1
2751.272548,0.027313272,1750,3
1087.162168,0.023963629,1772,2
320.5934075,0.002491264,1750,0
2585.309739,0.081071461,1730,3
1094.480511,0.010349693,1750,0
2939.809508,0.011998431,1797,2
2661.796171,0.035541402,1730,2
3609.167162,0.016130142,1730,2
3330.763073,0.035326097,1772,3
3552.163684,0.132492004,1797,3
186.4819507,0.007208749,1750,1
3788.781814,0.02654816,1750,3
35.97058526,0.003083335,1750,0
3370.298463,0.006935736,1730,1
3413.196543,0.079443206,1772,3
3716.438098,0.018319424,1772,2
3319.753858,0.006847934,1730,1
2657.376701,0.060624211,1772,3
2073.374886,0.002341718,1730,0
3373.913895,0.006626685,1797,1
1520.245369,0.015027214,1730,2
2937.781072,0.120378477,1750,3
145.7872483,0.002169605,1750,0
2786.959694,0.044632695,1797,3
3568.977034,0.031789863,1797,2
268.0476557,0.002149186,1750,0
3283.32217,0.063644356,1772,3
3382.45614,0.010654381,1772,1
